ID,formula,Source,Temperature (C),StructuralFamily,Conductivity (S/cm),target,elements
164,Li3.09BO2.53N0.52,10.1016/j.jpowsour.2008.09.089,9.0,Glass,3.08e-07,-6.511,B-Li-N-O
116,Li0.5La0.5TiO3,10.1016/j.jallcom.2009.07.091,10.0,Perovskite,2.07e-06,-5.684,La-Li-O-Ti
96,Li5La3Ta2O12,10.1007/s11581-007-0097-8,15.0,Garnet,1.31e-06,-5.883,La-Li-O-Ta
285,Li6BaLa2Ta2O12,10.1149/1.2800764,17.0,Garnet,2.25e-05,-4.648,Ba-La-Li-O-Ta
94,Li6.25Ba1.25La1.75Ta2O12,10.1007/s11581-007-0097-8,18.0,Garnet,2.7e-05,-4.569,Ba-La-Li-O-Ta
500,Li6PS5Cl,10.1016/j.ssi.2012.06.008,18.82,Argyrodite,0.000376,-3.425,Cl-Li-P-S
157,Li0.7Al0.3Ti1.7(PO4)3,10.1016/j.jpowsour.2008.08.009,19.74,NASICON,7.73e-05,-4.112,Al-Li-O-P-Ti
289,Li6Sr0.5Ba0.5La2Ta2O12,10.1149/1.2800764,20.0,Garnet,8.08e-06,-5.093,Ba-La-Li-O-Sr-Ta
33,Li3OCl,10.1021/ja305709z,21.0,Anti-Perovskite,0.00085,-3.071,Cl-Li-O
32,Li3OCl0.5Br0.5,10.1021/ja305709z,21.0,Anti-Perovskite,0.00194,-2.712,Br-Cl-Li-O
172,Li1.4Al0.4Ti1.6(PO4)3,10.1016/j.ssi.2006.04.010,21.0,NASICON,0.000917,-3.038,Al-Li-O-P-Ti
248,Li1.076Al0.6923Ti1.462(PO4)3,10.1016/S0167-2738(97)00018-0,21.0,NASICON,0.000825,-3.084,Al-Li-O-P-Ti
169,Li1.4Al0.4(Ge0.67Ti0.33)1.6(PO4)3,10.1016/j.ssi.2004.05.009,21.0,NASICON,0.000676,-3.17,Al-Ge-Li-O-P-Ti
891,Li6MgLa2Ta2O12,10.1149/1.2800764,21.1,Garnet,1.92e-07,-6.717,La-Li-Mg-O-Ta
250,LiGe2(PO4)3,10.1016/S0167-2738(97)00434-7,21.23,NASICON,1e-06,-6.0,Ge-Li-O-P
99,Li1.3Al0.3Ti1.7(PO4)3,10.1007/s11581-007-0197-5,21.42,NASICON,3.33e-07,-6.478,Al-Li-O-P-Ti
759,Li6BaLa2Ta2O12 ,10.1002/adfm.200400044,22.0,Garnet,4e-05,-4.398,Ba-La-Li-O-Ta
814,Li6BaLa2Nb2O12 ,10.1111/j.1551-2916.2005.00060.x,22.0,Garnet,6e-06,-5.222,Ba-La-Li-Nb-O
815,Li6SrLa2Nb2O12 ,10.1111/j.1551-2916.2005.00060.x,22.0,Garnet,4.2e-06,-5.377,La-Li-Nb-O-Sr
816,Li6CaLa2Nb2O12,10.1111/j.1551-2916.2005.00060.x,22.0,Garnet,1.6e-06,-5.796,Ca-La-Li-Nb-O
760,Li6SrLa2Ta2O12,10.1002/adfm.200400044,22.0,Garnet,7e-06,-5.155,La-Li-O-Sr-Ta
2,Li2OHBr,10.1002/aenm.201700971,22.06,Anti-Perovskite,5.4e-07,-6.268,Br-H-Li-O
326,LiHfTi(PO4)3,10.1016/0025-5408(89)90129-3,23.0,NASICON,5.63e-07,-6.249,Hf-Li-O-P-Ti
79,Li0.24La0.59TiO3,10.1007/s10717-007-0032-5,23.0,Perovskite,0.000166,-3.78,La-Li-O-Ti
795,Li6La3Nb1.5Y0.5O12 ,10.1021/jp304737x,24.0,Garnet,0.000188,-3.726,La-Li-Nb-O-Y
790,Li6.4La3Zr2Ga0.2O12 ,10.1021/cm5008069,24.0,Garnet,0.0009,-3.046,Ga-La-Li-O-Zr
39,Li7P3S11,10.1039/C3EE41655K,24.85,Thio-LISICON,0.0032,-2.495,Li-P-S
36,Li9.54Si1.74P1.44S11.7Cl0.3,10.1038/nenergy.2016.30,24.85,Thio-LISICON,0.025,-1.602,Cl-Li-P-S-Si
31,Li6.55La3Zr2Ga0.9O12,10.1021/cm5008069,24.85,Garnet,0.0013,-2.886,Ga-La-Li-O-Zr
30,Li1.6Al0.6Ge0.8(PO4)3,10.1021/cm021717j,24.85,NASICON,0.0007,-3.155,Al-Ge-Li-O-P
25,Li9.6P3S12,10.1038/nenergy.2016.30,24.85,Thio-LISICON,0.00158,-2.801,Li-P-S
24,Li7La3Zr2O12,10.1016/j.jssc.2009.05.020,24.85,Garnet,1.63e-06,-5.788,La-Li-O-Zr
21, Li6.4Al0.19La3Zr2O11.8,10.1016/j.jpowsour.2012.02.100,24.85,Garnet,0.00031,-3.509,Al-La-Li-O-Zr
35,LiTi2(PO4)3,10.1021/jp973296c,24.85,NASICON,3.83e-07,-6.417,Li-O-P-Ti
480,Li1.5In0.5Ge1.5(PO4)3,10.1246/bcsj.65.2200,25.0,NASICON,5.75e-06,-5.24,Ge-In-Li-O-P
2012,Li5La3Sb2O12,10.1016/j.ssi.2008.01.002,25.0,Garnet,6.48e-05,-4.189,La-Li-O-Sb
481,Li1.45Al0.45Ge0.2Ti1.35(PO4)3,10.3389/fenrg.2016.00012,25.0,NASICON,0.00101,-2.996,Al-Ge-Li-O-P-Ti
504,Li3OBr,10.1016/j.ssi.2015.11.027,25.0,Anti-Perovskite,1.06e-06,-5.975,Br-Li-O
482,Li1.40Al0.4Ge0.2Ti1.4(PO4)3,10.3389/fenrg.2016.00012,25.0,NASICON,0.001,-3.0,Al-Ge-Li-O-P-Ti
502,Li4P2S6,10.1016/j.ssi.2015.10.015,25.0,Glass,2.57e-07,-6.59,Li-P-S
483,Li1.50Al0.50Ge0.2Ti1.3(PO4)3,10.3389/fenrg.2016.00012,25.0,NASICON,0.000737,-3.133,Al-Ge-Li-O-P-Ti
2013,Li6La2Sr(Nb)2O12,10.1016/j.ssi.2008.01.047,25.0,Garnet,0.0003557,-3.449,La-Li-Nb-O-Sr
485,Li1.55Al0.55Ge0.2Ti1.25(PO4)3,10.3389/fenrg.2016.00012,25.0,NASICON,7.02e-05,-4.154,Al-Ge-Li-O-P-Ti
486,Li1.45Al0.45Ti1.55(PO4)3,10.5796/electrochemistry.82.870,25.0,NASICON,0.00029,-3.538,Al-Li-O-P-Ti
2014,Li6CaLa2Ta2O12,10.1149/1.2800764,25.0,Garnet,9.3e-05,-4.031,Ca-La-Li-O-Ta
489,Li3.2PO3.1N0.7,10.1016/j.ssi.2005.10.021,25.0,LISICON,5e-07,-6.301,Li-N-O-P
488,Li7Ge3PS12,10.1016/j.jssc.2016.12.001,25.0,Thio-LISICON,0.00011,-3.959,Ge-Li-P-S
2015,LiAlSi2O6,10.1016/j.ssi.2009.02.028,25.0,Glass,5.63e-06,-5.249,Al-Li-O-Si
484,Li1.35Al0.35Ge0.2Ti1.45(PO4)3,10.3389/fenrg.2016.00012,25.0,NASICON,0.000618,-3.209,Al-Ge-Li-O-P-Ti
2043,LiF,10.1023/A:1006564921011,25.0,Rocksalt,7.27e-15,-14.138,F-Li
582,Li6PS5I,10.1007/s10008-011-1572-8,25.0,Argyrodite,0.00063,-3.201,I-Li-P-S
2011,Li5Nd3Sb2O12,10.1016/j.ssi.2008.01.002,25.0,Garnet,4.17e-05,-4.38,Li-Nd-O-Sb
619,Li0.5Sr0.5Cr0.25Ta0.75O3,10.1016/S0378-7753(97)02645-1,25.0,Perovskite,6e-05,-4.222,Cr-Li-O-Sr-Ta
617,Li0.25La0.25TaO3,10.1016/S0167-2738(98)00414-7,25.0,Perovskite,0.000366,-3.437,La-Li-O-Ta
615,Nd0.25Li0.25TaO3,10.1016/S0167-2738(98)00414-7,25.0,Perovskite,1.91e-06,-5.719,Li-Nd-O-Ta
614,Li0.34La0.56TiO3,10.1016/S0167-2738(98)00070-8,25.0,Perovskite,0.000688,-3.162,La-Li-O-Ti
612,Li0.5(La0.4Nd0.1)TiO3,10.1016/S0167-2738(97)00015-5,25.0,Perovskite,0.001,-3.0,La-Li-Nd-O-Ti
611,Nd0.55Li0.34TiO3,10.1016/0167-2738(94)90310-7,25.0,Perovskite,8e-08,-7.097,Li-Nd-O-Ti
610,Li0.34Pr0.56TiO3,10.1016/0167-2738(94)90310-7,25.0,Perovskite,1e-06,-6.0,Li-O-Pr-Ti
605,Sm0.52Li0.38TiO2.97,10.1016/0167-2738(94)90309-3,25.0,Perovskite,0.0015,-2.824,Li-O-Sm-Ti
604,La0.5Li0.375Na0.125TiO3,10.1016/0167-2738(94)90309-3,25.0,Perovskite,0.001,-3.0,La-Li-Na-O-Ti
599,La0.55Li0.36Ti0.95Ru0.05O3,10.1007/BF02375549,25.0,Perovskite,5.2e-05,-4.284,La-Li-O-Ru-Ti
598,La0.55Li0.36Ti0.95Mn0.05O3,10.1007/BF02375549,25.0,Perovskite,0.00019,-3.721,La-Li-Mn-O-Ti
597,La0.58Li0.36Ti0.95Mg0.05O3,10.1007/BF02375549,25.0,Perovskite,0.00021,-3.678,La-Li-Mg-O-Ti
596,La0.55Li0.36Ti0.95Ge0.05O3,10.1007/BF02375549,25.0,Perovskite,0.00036,-3.444,Ge-La-Li-O-Ti
595,La0.56Li0.36Ti0.95Al0.05O3,10.1007/BF02375549,25.0,Perovskite,0.00064,-3.194,Al-La-Li-O-Ti
594,La0.51Li0.36Ti0.95W0.05O3,10.1007/BF02375549,25.0,Perovskite,0.00073,-3.137,La-Li-O-Ti-W
593,La0.54Li0.36TiO3,10.1007/BF02375549,25.0,Perovskite,0.00089,-3.051,La-Li-O-Ti
592,La0.55Li0.36Ti0.995Al0.005O3,10.1007/BF02375549,25.0,Perovskite,0.0011,-2.959,Al-La-Li-O-Ti
591,Li0.245La0.592Ti0.98Mn0.02O3,10.1006/jssc.1998.7904,25.0,Perovskite,0.001,-3.0,La-Li-Mn-O-Ti
584,Li5PS4(BH4)2,10.1021/acsomega.8b00377,25.0,Argyrodite,0.00796,-2.099,B-H-Li-P-S
479,Li1.3In0.3Ge1.7(PO4)3,10.1246/bcsj.65.2200,25.0,NASICON,9.22e-06,-5.035,Ge-In-Li-O-P
561,Li6PS5Br,10.1021/acsaem.8b00280,25.0,Argyrodite,0.00019,-3.721,Br-Li-P-S
539,Li6.25PS5.25Cl0.75,10.1016/j.apsusc.2019.07.041,25.0,Argyrodite,0.014,-1.854,Cl-Li-P-S
537,Li1.6Al0.6Ge1.4 (PO4)3,10.1016/S0167-2738(97)00434-7,25.0,Glass-Ceramic,0.00038,-3.42,Al-Ge-Li-O-P
2002,La0.55Li0.361Ti0.995Al0.005O3,10.1007/BF02375549,25.0,Perovskite,0.002155,-2.666,Al-La-Li-O-Ti
2003,LiPO3,10.1016/j.ssi.2008.04.015,25.0,Glass,7.25e-06,-5.14,Li-O-P
2005, Li0.8La0.066Zr2(PO4)3,10.1007/s11581-009-0332-6,25.0,NASICON,0.0001443,-3.841,La-Li-O-P-Zr
2009,Li2P2S6,10.1016/j.jpowsour.2006.04.037,25.0,Glass-Ceramic,0.004601,-2.337,Li-P-S
2042,Li6CoCl8,10.1002/zaac.19875531020,25.0,Rocksalt,6.84e-05,-4.165,Cl-Co-Li
478,Li1.5Ga0.5Ge1.5(PO4)3,10.1246/bcsj.65.2200,25.0,NASICON,1.97e-05,-4.706,Ga-Ge-Li-O-P
466,Li1.2Cr0.2Ti1.8(PO4)3,10.1149/1.2086597,25.0,NASICON,1.83e-05,-4.738,Cr-Li-O-P-Ti
476,Li1.3Sc0.3Ge1.7(PO4)3,10.1246/bcsj.65.2200,25.0,NASICON,2.74e-05,-4.562,Ge-Li-O-P-Sc
432,Li1.6Al0.6Ge0.8Ti0.6(PO4)3,10.1021/cm021717j,25.0,NASICON,0.00011,-3.959,Al-Ge-Li-O-P-Ti
431,Li1.05Al0.05Ti1.95(PO4)3,10.1021/cm010528i,25.0,NASICON,1.4e-06,-5.854,Al-Li-O-P-Ti
430,Li1.5Al0.5Ti1.5(PO4)3,10.1021/cm010528i,25.0,NASICON,1.1e-05,-4.959,Al-Li-O-P-Ti
427,Li1.1Al0.1Ge1.9(PO4)3,10.1016/S0955-2219(99)00055-2,25.0,NASICON,2.9e-06,-5.538,Al-Ge-Li-O-P
426,Li1.1Al0.1Ti1.9(PO4)3,10.1016/S0955-2219(99)00055-2,25.0,NASICON,3e-05,-4.523,Al-Li-O-P-Ti
425,Li1.7Al0.7Ti1.3(PO4)3,10.1016/S0955-2219(99)00055-2,25.0,NASICON,3.7e-05,-4.432,Al-Li-O-P-Ti
424,Li1.3Al0.3Ge1.7(PO4)3,10.1016/S0955-2219(99)00055-2,25.0,NASICON,3.9e-05,-4.409,Al-Ge-Li-O-P
423,Li1.6Al0.6Ge1.4(PO4)3,10.1016/S0955-2219(99)00055-2,25.0,NASICON,0.00014,-3.854,Al-Ge-Li-O-P
422,Li1.5Al0.5Ge1.5(PO4)3,10.1016/S0955-2219(99)00055-2,25.0,NASICON,0.00028,-3.553,Al-Ge-Li-O-P
413,Li2InHf(PO4)3,10.1016/S0167-2738(96)00565-6,25.0,NASICON,2.74e-08,-7.562,Hf-In-Li-O-P
412,Li2InZr(PO4)3,10.1016/S0167-2738(96)00565-6,25.0,NASICON,8.22e-08,-7.085,In-Li-O-P-Zr
411,Li2FeZr(PO4)3,10.1016/S0167-2738(96)00565-6,25.0,NASICON,1.44e-07,-6.842,Fe-Li-O-P-Zr
410,Li2FeTi(PO4)3,10.1016/S0167-2738(96)00565-6,25.0,NASICON,3.34e-07,-6.476,Fe-Li-O-P-Ti
409,Li2CrTi(PO4)3,10.1016/S0167-2738(96)00565-6,25.0,NASICON,4.41e-07,-6.356,Cr-Li-O-P-Ti
408,Li2CrZr(PO4)3,10.1016/S0167-2738(96)00565-6,25.0,NASICON,5.91e-07,-6.228,Cr-Li-O-P-Zr
407,Li2InTi(PO4)3,10.1016/S0167-2738(96)00565-6,25.0,NASICON,8.3e-06,-5.081,In-Li-O-P-Ti
406,Li1.4Al0.4Ge1.6(PO4)3,10.1016/j.ssi.2013.09.022,25.0,NASICON,0.000177,-3.752,Al-Ge-Li-O-P
405,Li1.4Al0.4Ge1.2Ti0.4(PO4)3,10.1016/j.ssi.2013.09.022,25.0,NASICON,0.000343,-3.465,Al-Ge-Li-O-P-Ti
404,Li1.4Al0.4Ge0.2Ti1.4(PO4)3,10.1016/j.ssi.2013.09.022,25.0,NASICON,0.00129,-2.889,Al-Ge-Li-O-P-Ti
403,Li1.3Al0.15Y0.15Ti1.7(PO4)3,10.1016/j.ssi.2012.05.011,25.0,NASICON,1.9e-05,-4.721,Al-Li-O-P-Ti-Y
402,Li1.3Al0.1Y0.2Ti1.7(PO4)3,10.1016/j.ssi.2012.05.011,25.0,NASICON,7.3e-05,-4.137,Al-Li-O-P-Ti-Y
401,Li1.3Al0.2Y0.1Ti1.7(PO4)3,10.1016/j.ssi.2012.05.011,25.0,NASICON,0.00012,-3.921,Al-Li-O-P-Ti-Y
399,Li0.98Zr1.98Nb0.02(PO4)3,10.1016/j.ssi.2003.12.037,25.0,NASICON,2.5e-07,-6.602,Li-Nb-O-P-Zr
398,Li0.9Zr1.9Nb0.1(PO4)3,10.1016/j.ssi.2003.12.037,25.0,NASICON,1.35e-06,-5.87,Li-Nb-O-P-Zr
397,Li1.02Zr1.98Y0.02(PO4)3,10.1016/j.ssi.2003.12.037,25.0,NASICON,1.15e-07,-6.939,Li-O-P-Y-Zr
391,LiZr2(PO4)3,10.1016/j.jpowsour.2013.03.175,25.0,NASICON,5e-08,-7.301,Li-O-P-Zr
433,Li1.4Al0.4Ge1.0Ti0.6(PO4)3,10.1021/cm021717j,25.0,NASICON,8e-05,-4.097,Al-Ge-Li-O-P-Ti
434,Li1.8Al0.8Ge0.8Ti0.4(PO4)3,10.1021/cm021717j,25.0,NASICON,7e-05,-4.155,Al-Ge-Li-O-P-Ti
435,Li1.4Al0.4Ge0.8Ti0.8(PO4)3,10.1021/cm021717j,25.0,NASICON,6e-05,-4.222,Al-Ge-Li-O-P-Ti
436,Li1.6Al0.6Ge1.0Ti0.4(PO4)3,10.1021/cm021717j,25.0,NASICON,5e-05,-4.301,Al-Ge-Li-O-P-Ti
475,Li1.3Fe0.3Ge1.7(PO4)3,10.1246/bcsj.65.2200,25.0,NASICON,3.67e-05,-4.435,Fe-Ge-Li-O-P
474,Li1.3Cr0.3Ge1.7(PO4)3,10.1246/bcsj.65.2200,25.0,NASICON,8.82e-05,-4.055,Cr-Ge-Li-O-P
470,Li1.5La0.5Ti1.5(PO4)3,10.1149/1.2096693,25.0,NASICON,0.000282,-3.55,La-Li-O-P-Ti
469,Li1.4La0.4Ti1.6(PO4)3,10.1149/1.2096693,25.0,NASICON,0.000497,-3.304,La-Li-O-P-Ti
468,Li1.3La0.3Ti1.7(PO4)3,10.1149/1.2096693,25.0,NASICON,0.000528,-3.277,La-Li-O-P-Ti
467,Li1.2La0.2Ti1.8(PO4)3,10.1149/1.2096693,25.0,NASICON,0.000528,-3.277,La-Li-O-P-Ti
620,Li0.5Sr0.5Fe0.25Ta0.75O3,10.1016/S0378-7753(97)02645-1,25.0,Perovskite,0.0001,-4.0,Fe-Li-O-Sr-Ta
465,Li1.5Y0.5Ti1.5(PO4)3,10.1149/1.2086597,25.0,NASICON,5.44e-05,-4.264,Li-O-P-Ti-Y
464,Li1.4Cr0.4Ti1.6(PO4)3,10.1149/1.2086597,25.0,NASICON,0.00015,-3.824,Cr-Li-O-P-Ti
463,Li1.5Fe0.5Ti1.5(PO4)3,10.1149/1.2086597,25.0,NASICON,0.000175,-3.757,Fe-Li-O-P-Ti
462,Li1.5In0.5Ti1.5(PO4)3,10.1149/1.2086597,25.0,NASICON,0.000204,-3.69,In-Li-O-P-Ti
477,Li1.7Fe0.7Ge1.3(PO4)3,10.1246/bcsj.65.2200,25.0,NASICON,2.37e-05,-4.625,Fe-Ge-Li-O-P
461,Li1.4In0.4Ti1.6(PO4)3,10.1149/1.2086597,25.0,NASICON,0.0003,-3.523,In-Li-O-P-Ti
459,Li1.2In0.2Ti1.8(PO4)3,10.1149/1.2086597,25.0,NASICON,0.000401,-3.397,In-Li-O-P-Ti
458,Li1.4Sc0.4Ti1.6(PO4)3,10.1149/1.2086597,25.0,NASICON,0.000515,-3.288,Li-O-P-Sc-Ti
457,Li1.2Fe0.2Ti1.8(PO4)3,10.1149/1.2086597,25.0,NASICON,0.000351,-3.455,Fe-Li-O-P-Ti
456,Li1.3Y0.3Ti1.7(PO4)3,10.1149/1.2086597,25.0,NASICON,0.000554,-3.256,Li-O-P-Ti-Y
454,Li1.4Y0.4Ti1.6(PO4)3,10.1149/1.2096693,25.0,NASICON,0.00061,-3.215,Li-O-P-Ti-Y
453,Li1.2Y0.2Ti1.8(PO4)3,10.1149/1.2086597,25.0,NASICON,0.000504,-3.298,Li-O-P-Ti-Y
452,Li1.3Sc0.3Ti1.7(PO4)3,10.1149/1.2086597,25.0,NASICON,0.000794,-3.1,Li-O-P-Sc-Ti
439,Li1.8Al0.8Ge1.0Ti0.2(PO4)3,10.1021/cm021717j,25.0,NASICON,3e-05,-4.523,Al-Ge-Li-O-P-Ti
438,Li1.2Al0.2Ge1.0Ti0.8(PO4)3,10.1021/cm021717j,25.0,NASICON,3e-05,-4.523,Al-Ge-Li-O-P-Ti
437,Li1.2Al0.2Ge0.8Ti(PO4)3,10.1021/cm021717j,25.0,NASICON,3e-05,-4.523,Al-Ge-Li-O-P-Ti
460,Li1.4Fe0.4Ti1.6(PO4)3,10.1149/1.2086597,25.0,NASICON,0.000386,-3.413,Fe-Li-O-P-Ti
650,LiSr1.65Zr1.3Ta1.7O9,10.1021/cm9810382,25.0,Perovskite,1.3e-05,-4.886,Li-O-Sr-Ta-Zr
632, La0.29Li0.12NbO3,10.1016/S0167-2738(98)00266-5,25.0,Other,4.25e-05,-4.372,La-Li-Nb-O
784,Li4PS4I,10.1021/acs.chemmater.7b00013,25.0,Argyrodite,6.26e-05,-4.203,I-Li-P-S
781,Li4GeS4,10.1016/S0167-2738(00)00277-0,25.0,Thio-LISICON,2e-07,-6.699,Ge-Li-S
907,Li0.83Mg0.83In0.17PO4,10.1021/cm504518q,25.0,Olivine,1.41e-09,-8.851,In-Li-Mg-O-P
777,Li6.25La3Zr2Ga0.25O12,10.1016/j.matchemphys.2012.03.054,25.0,Garnet,0.00035,-3.456,Ga-La-Li-O-Zr
774,Li5.5La2.75K0.25Nb2O12 ,10.1016/j.jssc.2005.12.025,25.0,Garnet,1.06e-05,-4.975,K-La-Li-Nb-O
773,Li5.5La3Nb1.75In0.25O12 ,10.1016/j.jssc.2005.12.025,25.0,Garnet,2.4e-05,-4.62,In-La-Li-Nb-O
772,Li10Ge0.95Si0.05P2S12,10.1016/j.jpowsour.2014.07.159,25.0,Thio-LISICON,0.0086,-2.066,Ge-Li-P-S-Si
770,Li7La3Zr1.89Al0.15O12 ,10.1016/j.jpowsour.2013.03.049,25.0,Garnet,0.00034,-3.469,Al-La-Li-O-Zr
769,Li6.75La3Zr1.75Nb0.25O12 ,10.1016/j.jpowsour.2010.11.089,25.0,Garnet,0.0008,-3.097,La-Li-Nb-O-Zr
768,Li7.06La3Y0.06Zr1.94O12 ,10.1016/j.elecom.2011.08.014,25.0,Garnet,0.00081,-3.092,La-Li-O-Y-Zr
906,Li0.85Mg0.85In0.15PO4,10.1021/cm504518q,25.0,Olivine,1.26e-09,-8.9,In-Li-Mg-O-P
765,Li2SiS3,10.1016/0025-5408(89)90053-6,25.0,Thio-LISICON,2e-06,-5.699,Li-S-Si
762,Li3.4Si0.4P0.6S4,10.1006/jssc.2002.9701,25.0,Thio-LISICON,0.000672,-3.173,Li-P-S-Si
756,Li6.05P0.95Si0.05S5Br,10.1039/c7ta08581h,25.0,Argyrodite,0.000441,-3.356,Br-Li-P-S-Si
754,Li6.10P0.90Si0.10S5Br,10.1039/c7ta08581h,25.0,Argyrodite,0.000805,-3.094,Br-Li-P-S-Si
753,Li6.02P0.98Si0.02S5 Br,10.1039/c7ta08581h,25.0,Argyrodite,0.000874,-3.058,Br-Li-P-S-Si
752,Li6.08P0.92Si0.08S5Br,10.1039/c7ta08581h,25.0,Argyrodite,0.000864,-3.063,Br-Li-P-S-Si
751,Li6.13P0.87Si0.13S5Br,10.1039/c7ta08581h,25.0,Argyrodite,0.000901,-3.045,Br-Li-P-S-Si
750,Li6.17P0.83Si0.17S5Br,10.1039/c7ta08581h,25.0,Argyrodite,0.000929,-3.032,Br-Li-P-S-Si
749,Li6.22P0.78Si0.22S5Br,10.1039/c7ta08581h,25.0,Argyrodite,0.00108,-2.967,Br-Li-P-S-Si
748,Li6.12P0.90Si0.12S5Br,10.1039/c7ta08581h,25.0,Argyrodite,0.0009,-3.046,Br-Li-P-S-Si
747,Li6.25P0.75Si0.25S5Br,10.1039/c7ta08581h,25.0,Argyrodite,0.0015,-2.824,Br-Li-P-S-Si
746,Li6.30P0.70Si0.30S5Br,10.1039/c7ta08581h,25.0,Argyrodite,0.00183,-2.738,Br-Li-P-S-Si
764,Li4SiS4,10.1016/0025-5408(89)90053-6,25.0,Thio-LISICON,4.93e-08,-7.307,Li-S-Si
789,Li4SnS4,10.1021/cm3011315,25.0,Thio-LISICON,7e-05,-4.155,Li-S-Sn
791,Li2SnS3,10.1021/cm5037524,25.0,Rocksalt,1.36e-05,-4.866,Li-S-Sn
792,Li3PS4,10.1021/ja3110895,25.0,Thio-LISICON,0.00016,-3.796,Li-P-S
897,Li4.275Ga0.25Ge0.61S4,10.1016/S0167-2738(00)00277-0,25.0,Thio-LISICON,6.5e-05,-4.187,Ga-Ge-Li-S
890,Li6La2Ca(Nb)2O12,10.1016/j.ssi.2008.01.047,25.0,Garnet,2.11e-06,-5.676,Ca-La-Li-Nb-O
901,Li5AlS4,10.1016/j.jssc.2017.09.018,25.0,Thio-LISICON,1.26e-08,-7.9,Al-Li-S
903,LiMgPO4,10.1021/cm504518q,25.0,Olivine,6.31e-12,-11.2,Li-Mg-O-P
904,Li0.95Mg0.95In0.05PO4,10.1021/cm504518q,25.0,Olivine,1.12e-10,-9.951,In-Li-Mg-O-P
905,Li0.9Mg0.9In0.1PO4,10.1021/cm504518q,25.0,Olivine,5.01e-10,-9.3,In-Li-Mg-O-P
870,Li1.8Cr0.8Ti1.2(PO4)3,10.1016/0167-2738(88)90291-3,25.0,NASICON,0.00024,-3.62,Cr-Li-O-P-Ti
869,Li1.4Ti1.6In0.4P3O12,10.1016/0167-2738(86)90176-1,25.0,NASICON,0.00019,-3.721,In-Li-O-P-Ti
868,Li4.275Ge0.61Ga0.25S4,10.1016/S0167-2738(00)00277-0,25.0,Thio-LISICON,6.34e-05,-4.198,Ga-Ge-Li-S
861,Li1.6Ti1.7Mg0.3P3O12,10.1016/0167-2738(86)90176-1,25.0,NASICON,2.8e-06,-5.553,Li-Mg-O-P-Ti
859,Li3.9Zn0.05GeS4,10.1016/S0167-2738(00)00277-0,25.0,Thio-LISICON,2.84e-07,-6.547,Ge-Li-S-Zn
836,Li6.5La3Nb1.25Y0.75O12,10.1021/jp304737x,25.0,Garnet,0.00027,-3.569,La-Li-Nb-O-Y
818,Li6.75La3Zr1.75Ta0.25O12 ,10.1149/2.024205esl,25.0,Garnet,0.00063,-3.201,La-Li-O-Ta-Zr
817,Li3.25Ge0.25P0.75S4,10.1149/1.1379028,25.0,Thio-LISICON,0.0022,-2.658,Ge-Li-P-S
813,Li5La3Nb2O12 ,10.1111/j.1151-2916.2003.tb03318.x,25.0,Garnet,1e-05,-5.0,La-Li-Nb-O
812,Li5La3Ta2O12 ,10.1111/j.1151-2916.2003.tb03318.x,25.0,Garnet,3.4e-06,-5.469,La-Li-O-Ta
808,Li6.2La3Zr1.2Sb0.8O12 ,10.1039/C3CP50991E,25.0,Garnet,0.00045,-3.347,La-Li-O-Sb-Zr
805,Li6La3ZrTaO12 ,10.1039/C2JM31413D,25.0,Garnet,0.00016,-3.796,La-Li-O-Ta-Zr
804,Li6.8La3Zr1.8Ta0.2O12 ,10.1039/C2JM31413D,25.0,Garnet,0.00028,-3.553,La-Li-O-Ta-Zr
803,Li6.2La3Zr1.2Ta0.8O12 ,10.1039/C2JM31413D,25.0,Garnet,0.00032,-3.495,La-Li-O-Ta-Zr
801,Li6.6La3Zr1.6Ta0.4O12 ,10.1039/C2JM31413D,25.0,Garnet,0.00073,-3.137,La-Li-O-Ta-Zr
800,Li6.5La3Zr1.5Ta0.5O12 ,10.1039/C2JM31413D,25.0,Garnet,0.00092,-3.036,La-Li-O-Ta-Zr
799,Li6.4La3Zr1.4Ta0.6O12 ,10.1039/C2JM31413D,25.0,Garnet,0.001,-3.0,La-Li-O-Ta-Zr
794,Li6.5La3Nb1.25Y0.75O12 ,10.1021/jp304737x,25.0,Garnet,0.00027,-3.569,La-Li-Nb-O-Y
745,Li6.20P0.80Si0.20S5Br,10.1039/c7ta08581h,25.0,Argyrodite,0.00198,-2.703,Br-Li-P-S-Si
744,Li6.50P0.50Si0.50S5Br,10.1039/c7ta08581h,25.0,Argyrodite,0.0023,-2.638,Br-Li-P-S-Si
917,LiTa2PO8,10.1039/C8TA09170F,25.0,Other,0.0016,-2.796,Li-O-P-Ta
675,Li10GeP2S12,10.1038/nmat3066,25.0,Thio-LISICON,0.012,-1.921,Ge-Li-P-S
673,Li10SnP2S12,10.1021/ja407393y,25.0,Thio-LISICON,0.004,-2.398,Li-P-S-Sn
663,Li0.27La0.59TiO3,10.2109/jcersj.105.548,25.0,Perovskite,0.00058,-3.237,La-Li-O-Ti
662,Li0.27La0.59TiO3 ,10.2109/jcersj.105.548,25.0,Perovskite,0.00095,-3.022,La-Li-O-Ti
659,Li0.15La0.66Ti0.85Al0.15O3,10.1021/cm011149s,25.0,Perovskite,9.66e-06,-5.015,Al-La-Li-O-Ti
658,Li0.30La0.66Ti0.70Al0.30O3,10.1021/cm011149s,25.0,Perovskite,1.72e-05,-4.764,Al-La-Li-O-Ti
657,Li0.20La0.66Ti0.80Al0.20O3,10.1021/cm011149s,25.0,Perovskite,4.28e-05,-4.369,Al-La-Li-O-Ti
656,Li0.25La0.66Ti0.75Al0.25O3,10.1021/cm011149s,25.0,Perovskite,7.66e-05,-4.116,Al-La-Li-O-Ti
653,LiSrTiNbO6,10.1021/cm9810382,25.0,Perovskite,1e-06,-6.0,Li-Nb-O-Sr-Ti
652,LiSr2Ti2NbO9,10.1021/cm9810382,25.0,Perovskite,1e-06,-6.0,Li-Nb-O-Sr-Ti
651,LiSr2Ti2TaO9,10.1021/cm9810382,25.0,Perovskite,3.2e-05,-4.495,Li-O-Sr-Ta-Ti
915,Li6SiO4Cl2,10.1021/acs.chemmater.1c00157,25.0,Argyrodite,1e-10,-10.0,Cl-Li-O-Si
390,Li1.15Y0.15Zr1.85(PO4)3,10.1016/j.jpowsour.2013.03.175,25.0,NASICON,7.1e-05,-4.149,Li-O-P-Y-Zr
648,LiSr1.65Ti1.3Ta1.7O9,10.1021/cm9810382,25.0,Perovskite,4.9e-05,-4.31,Li-O-Sr-Ta-Ti
647,LiSrTiTaO6,10.1021/cm9810382,25.0,Perovskite,0.00055,-3.26,Li-O-Sr-Ta-Ti
645,Li0.15La0.51Sr0.15TiO3,10.1021/cm020609u,25.0,Perovskite,5.3e-05,-4.276,La-Li-O-Sr-Ti
644,Li0.25La0.41Sr0.25TiO3,10.1021/cm020609u,25.0,Perovskite,7.64e-05,-4.117,La-Li-O-Sr-Ti
640,Li0.3Sr0.6Ti0.40Fe0.10Ta0.5O3,10.1149/1.1629102,25.0,Perovskite,3.6e-05,-4.444,Fe-Li-O-Sr-Ta-Ti
639,Li0.3Sr0.6Ti0.35Fe0.15Ta0.5O3,10.1149/1.1629102,25.0,Perovskite,2.8e-05,-4.553,Fe-Li-O-Sr-Ta-Ti
638,Li0.3Sr0.6Ti0.20Fe0.30Ta0.5O3,10.1149/1.1629102,25.0,Perovskite,1e-07,-7.0,Fe-Li-O-Sr-Ta-Ti
637,Li0.1Sr0.8Ti0.7Nb0.3O3,10.1149/1.1629102,25.0,Perovskite,1e-08,-8.0,Li-Nb-O-Sr-Ti
636,La0.313Li0.06NbO3,10.1016/S0167-2738(98)00266-5,25.0,Other,2.33e-05,-4.633,La-Li-Nb-O
635,La0.303Li0.09NbO3,10.1016/S0167-2738(98)00266-5,25.0,Other,3.52e-05,-4.453,La-Li-Nb-O
634,La0.273Li0.18NbO3,10.1016/S0167-2738(98)00266-5,25.0,Other,3.82e-05,-4.418,La-Li-Nb-O
633,La0.283Li0.15NbO3,10.1016/S0167-2738(98)00266-5,25.0,Other,3.85e-05,-4.415,La-Li-Nb-O
649,LiSr1.65Ti1.3Nb1.7O9,10.1021/cm9810382,25.0,Perovskite,2e-05,-4.699,Li-Nb-O-Sr-Ti
913,Li3AlS3,10.1021/acs.chemmater.9b03230,25.0,Other,1.31e-08,-7.883,Al-Li-S
697,Li1.5Hf1.5Al0.5P3O12,10.1016/j.ssi.2005.07.010,25.0,NASICON,0.00011,-3.959,Al-Hf-Li-O-P
699,Li11AlP2S12,10.1039/C6CC02131J,25.0,Thio-LISICON,0.000802,-3.096,Al-Li-P-S
738,Li2.88PO3.73N0.14,10.1006/jssc.1995.1140,25.0,LISICON,1.4e-13,-12.854,Li-N-O-P
735,Li14ZnGe4O16,10.1149/1.2119778,25.0,LISICON,1e-06,-6.0,Ge-Li-O-Zn
733,Li5La3Nb2O12,10.1111/j.1151-2916.2003.tb03318.x,25.0,Garnet,8e-06,-5.097,La-Li-Nb-O
732,Li9.81Sn0.81P2.19S12,10.1107/S2052520615022283,25.0,Thio-LISICON,0.0055,-2.26,Li-P-S-Sn
731,Li10.35Si1.35P1.65S12,10.1107/S2052520615022283,25.0,Thio-LISICON,0.0065,-2.187,Li-P-S-Si
730,Li4B7O12Cl,10.1107/S0567740877009443,25.0,Other,1e-07,-7.0,B-Cl-Li-O
727,LiAlH4,10.1063/1.3356981,25.0,Other,2e-09,-8.699,Al-H-Li
726,Li13.6Si2.8S1.2O16,10.1016/0013-4686(77)80035-2,25.0,LISICON,6e-07,-6.222,Li-O-S-Si
725,Li3N,10.1039/C0EE00052C,25.0,Other,0.000575,-3.24,Li-N
723,Li2Ca(NH)2,10.1039/c2cp23636b,25.0,Other,6.4e-06,-5.194,Ca-H-Li-N
722,Li2NH,10.1039/c2cp23636b,25.0,Other,0.000254,-3.595,H-Li-N
718,Li4BN3H10,10.1021/Ja907249p,25.0,Other,0.0002,-3.699,B-H-Li-N
716,Li3VO4,10.1016/S0924-0136(01)01044-5,25.0,LISICON,1.67e-06,-5.777,Li-O-V
714,LiLa(TiO3)2,10.1016/S0167-2738(00)00761-X,25.0,Perovskite,0.001,-3.0,La-Li-O-Ti
713,Li5La3Bi2O12,10.1016/j.ssi.2017.03.030,25.0,Garnet,2e-05,-4.699,Bi-La-Li-O
712,Li3Sc2P3O12,10.1016/j.materresbull.2007.08.007,25.0,NASICON,1e-10,-10.0,Li-O-P-Sc
710,Li3P,10.1016/0167-2738(89)90438-4,25.0,Other,0.001,-3.0,Li-P
708,LiI,10.1016/0167-2738(81)90020-5,25.0,Rocksalt,2.8e-08,-7.553,I-Li
707,Li3.5Ge0.5V0.5O4,10.1016/0025-5408(80)90249-4,25.0,LISICON,7e-05,-4.155,Ge-Li-O-V
706,Li2Ge7O15,10.1016/0025-5408(76)90235-X,25.0,Other,5e-16,-15.301,Ge-Li-O
705,Li4GeO4,10.1016/0025-5408(76)90235-X,25.0,LISICON,3.1e-12,-11.509,Ge-Li-O
704,Li4SiO4,10.1016/0025-5408(76)90235-X,25.0,LISICON,2e-10,-9.699,Li-O-Si
703,Li6NiBr8,10.1002/zaac.19875531020,25.0,Rocksalt,1.5e-07,-6.824,Br-Li-Ni
701,Li5NI2,10.1002/anie.198000741,25.0,Other,1.5e-07,-6.824,I-Li-N
743,Li6.35P0.65Si0.35S5Br,10.1039/c7ta08581h,25.0,Argyrodite,0.0023,-2.638,Br-Li-P-S-Si
388,LiHf2(PO4)3,10.1016/B978-0-08-021592-1.50024-6,25.0,NASICON,3.8e-06,-5.42,Hf-Li-O-P
471,LiSn2(PO4)3,10.1149/1.2220723,25.0,NASICON,2e-09,-8.699,Li-O-P-Sn
2026,Li0.96Ga0.96Si2.04O6,10.1016/0167-2738(87)90048-8,25.0,Phenakite,9.03e-08,-7.044,Ga-Li-O-Si
2025,Li0.68Ga0.68Si2.33O6,10.1016/0167-2738(87)90048-8,25.0,Phenakite,6.12e-08,-7.213,Ga-Li-O-Si
2024,LiGaSiO4,10.1016/0167-2738(87)90048-8,25.0,Phenakite,3.71e-09,-8.431,Ga-Li-O-Si
2034,Li3Fe(MoO4)3,10.1039/B301189e,25.0,Lysonite,9.14e-09,-8.039,Fe-Li-Mo-O
60,La0.55Li0.36Ti0.992Al0.008O3,10.1007/BF02375549,25.0,Perovskite,0.000654,-3.184,Al-La-Li-O-Ti
327,Li0.2Zr1.2Nb0.8(PO4)3,10.1016/0025-5408(89)90129-3,25.0,NASICON,2.38e-07,-6.623,Li-Nb-O-P-Zr
332,Li1.6Ga0.6Ti1.4(PO4)3,10.1016/0167-2738(86)90176-1,25.0,NASICON,1.3e-05,-4.886,Ga-Li-O-P-Ti
333,Li1.2Sc0.2Ti1.8(PO4)3,10.1016/0167-2738(86)90179-7,25.0,NASICON,0.000246,-3.609,Li-O-P-Sc-Ti
334,Li1.8Sc0.8Ti1.2(PO4)3,10.1016/0167-2738(86)90179-7,25.0,NASICON,0.00088,-3.056,Li-O-P-Sc-Ti
336,Li1.1Sc0.1Ti1.9(PO4)3,10.1016/0167-2738(86)90179-7,25.0,NASICON,0.000158,-3.801,Li-O-P-Sc-Ti
252,Li4Nd3TeSbO12,10.1021/cm703677q,25.0,Garnet,8.7e-09,-8.06,Li-Nd-O-Sb-Te
2035,Li6FeCl8,10.1002/zaac.19875531020,25.0,Rocksalt,1.11e-05,-4.953,Cl-Fe-Li
339,LiTi1.8Zr0.2(PO4)3,10.1016/0167-2738(86)90179-7,25.0,NASICON,2.59e-05,-4.587,Li-O-P-Ti-Zr
340,LiTi0.2Zr1.8(PO4)3,10.1016/0167-2738(86)90179-7,25.0,NASICON,5.6e-08,-7.252,Li-O-P-Ti-Zr
341,Li1.2Sc0.2Ti0.2Zr1.5(PO4)3,10.1016/0167-2738(86)90179-7,25.0,NASICON,3.1e-07,-6.509,Li-O-P-Sc-Ti-Zr
343,LiTi0.5Zr1.5(PO4)3,10.1016/0167-2738(86)90179-7,25.0,NASICON,6.2e-08,-7.208,Li-O-P-Ti-Zr
2023,(YPO4)0.5(Li3PO4)0.5,10.1016/0167-2738(89)90457-8,25.0,Zircon,1.39e-10,-9.857,Li-O-P-Y
312,Li1.15Fe0.15Ti1.85(PO4)3,10.1007/s11164-013-1348-0,25.0,NASICON,0.000522,-3.282,Fe-Li-O-P-Ti
311,Li1.3Al0.2Sc0.1Ti1.7(PO4)3,10.1007/s10008-012-1780-x,25.0,NASICON,0.000269,-3.57,Al-Li-O-P-Sc-Ti
310,Li1.3Al0.1Sc0.2Ti1.7(PO4)3,10.1007/s10008-012-1780-x,25.0,NASICON,0.000426,-3.371,Al-Li-O-P-Sc-Ti
246,Li4.2Ge0.8Ga0.2S4,10.1016/S0167-2738(00)00277-0,25.0,Thio-LISICON,6.5e-05,-4.187,Ga-Ge-Li-S
197,Li6La2SrNb2O12,10.1016/j.ssi.2008.01.047,25.0,Garnet,6.21e-07,-6.207,La-Li-Nb-O-Sr
181,Li1.4S2.2P0.6,10.1016/j.ssi.2006.07.017,25.0,Glass,4.64e-05,-4.333,Li-P-S
346,LiTiZr(PO4)3,10.1016/0167-2738(86)90179-7,25.0,NASICON,4e-08,-7.398,Li-O-P-Ti-Zr
134,Li7.02Ga0.98Ge4.41S12.39I3,10.1016/j.ssi.2007.10.011,25.0,Glass,0.000291,-3.536,Ga-Ge-I-Li-S
83,Li0.33La0.56Ti0.96Al0.04O2.96F0.04,10.1007/s11581-006-0011-9,25.0,Perovskite,0.000622,-3.206,Al-F-La-Li-O-Ti
301,Li6.75La3Zr1.75Ta0.25O12,10.1016/j.jpowsour.2012.01.131,25.0,Garnet,0.000896,-3.048,La-Li-O-Ta-Zr
2032,Li3Cr(MoO4)3,10.1039/B301189e,25.0,Lysonite,2.48e-08,-7.605,Cr-Li-Mo-O
2033,Li2Mg2(MoO4)3,10.1039/B301189e,25.0,Lysonite,3.02e-10,-9.519,Li-Mg-Mo-O
2029,Li3.75Si0.75P0.25O4,10.1021/acsami.6b14402,25.0,LISICON,4.4e-05,-4.356,Li-O-P-Si
2028,Li4.25Si0.75Al0.25O4,10.1021/acsami.6b14402,25.0,LISICON,9.45e-06,-5.024,Al-Li-O-Si
2027,Li4Al0.33Si0.33P0.33O4,10.1021/acsami.6b14402,25.0,LISICON,0.000102,-3.991,Al-Li-O-P-Si
103,LiP0.9I0.1O2.7,10.1007/s11581-008-0252-x,25.0,Glass,0.000398,-3.4,I-Li-O-P
348,LiTi0.1Zr1.9(PO4)3,10.1016/0167-2738(86)90179-7,25.0,NASICON,3.2e-08,-7.495,Li-O-P-Ti-Zr
337,Li1.2Sc0.2Ti1.6Zr0.2(PO4)3,10.1016/0167-2738(86)90179-7,25.0,NASICON,0.00012,-3.921,Li-O-P-Sc-Ti-Zr
2039,Li3.6Ge0.4P0.6S4,10.1149/1.1379028,25.0,Thio-LISICON,0.0009635,-3.016,Ge-Li-P-S
2040,Li3.35Ge0.35P0.65S4,10.1149/1.1379028,25.0,Thio-LISICON,0.002444,-2.612,Ge-Li-P-S
2041,Li6NiCl8,10.1002/zaac.19875531020,25.0,Rocksalt,2.4e-08,-7.62,Cl-Li-Ni
369,Li1.2Y0.2Hf1.8(PO4)3,10.1016/0167-2738(93)90387-I,25.0,NASICON,3.19e-05,-4.496,Hf-Li-O-P-Y
41,Li6.46Al0.15La3Zr1.95O11.86,10.1016/j.ensm.2019.08.017,25.0,Garnet,8.3e-05,-4.081,Al-La-Li-O-Zr
371,Li1.2Sc0.2Hf1.8(PO4)3,10.1016/0167-2738(93)90387-I,25.0,NASICON,5.86e-05,-4.232,Hf-Li-O-P-Sc
372,Li1.3Sc0.3Hf1.7(PO4)3,10.1016/0167-2738(93)90387-I,25.0,NASICON,8.32e-05,-4.08,Hf-Li-O-P-Sc
373,Li1.1Lu0.1Hf1.9(PO4)3,10.1016/0167-2738(93)90387-I,25.0,NASICON,5.88e-05,-4.231,Hf-Li-Lu-O-P
374,Li1.4Y0.4Hf1.6(PO4)3,10.1016/0167-2738(93)90387-I,25.0,NASICON,2.09e-05,-4.68,Hf-Li-O-P-Y
375,Li1.4Sc0.4Hf1.6(PO4)3,10.1016/0167-2738(93)90387-I,25.0,NASICON,6.17e-05,-4.21,Hf-Li-O-P-Sc
368,Li1.2Lu0.2Hf1.8(PO4)3,10.1016/0167-2738(93)90387-I,25.0,NASICON,9.79e-05,-4.009,Hf-Li-Lu-O-P
376,Li1.3Fe0.3Hf1.7(PO4)3,10.1016/0167-2738(93)90387-I,25.0,NASICON,5.4e-05,-4.268,Fe-Hf-Li-O-P
378,Li1.3Y0.3Hf1.7(PO4)3,10.1016/0167-2738(93)90387-I,25.0,NASICON,3.19e-05,-4.496,Hf-Li-O-P-Y
379,Li1.1Sc0.1Hf1.9(PO4)3,10.1016/0167-2738(93)90387-I,25.0,NASICON,2.45e-05,-4.611,Hf-Li-O-P-Sc
380,Li1.4Lu0.4Hf1.6(PO4)3,10.1016/0167-2738(93)90387-I,25.0,NASICON,2.06e-05,-4.686,Hf-Li-Lu-O-P
381,Li1.1In0.1Hf1.9(PO4)3,10.1016/0167-2738(93)90387-I,25.0,NASICON,1e-06,-6.0,Hf-In-Li-O-P
382,Li1.3Cr0.3Hf1.7(PO4)3,10.1016/0167-2738(93)90387-I,25.0,NASICON,5.26e-07,-6.279,Cr-Hf-Li-O-P
383,Li1.2Cr0.2Hf1.8(PO4)3,10.1016/0167-2738(93)90387-I,25.0,NASICON,2.54e-07,-6.595,Cr-Hf-Li-O-P
384,Li1.5Cr0.5Hf1.5(PO4)3,10.1016/0167-2738(93)90387-I,25.0,NASICON,1.18e-07,-6.928,Cr-Hf-Li-O-P
8,Li6PO5Cl,10.1002/zaac.201000121,25.0,Argyrodite,1e-09,-9.0,Cl-Li-O-P
385,Li1.1Cr0.1Hf1.9(PO4)3,10.1016/0167-2738(93)90387-I,25.0,NASICON,9.35e-08,-7.029,Cr-Hf-Li-O-P
386,Li1.3Eu0.3Ti1.7(PO4)3,10.1016/0167-2738(94)90299-2,25.0,NASICON,6e-05,-4.222,Eu-Li-O-P-Ti
377,Li1.3Lu0.3Hf1.7(PO4)3,10.1016/0167-2738(93)90387-I,25.0,NASICON,3.56e-05,-4.449,Hf-Li-Lu-O-P
367,Li1.1Fe0.1Hf1.9(PO4)3,10.1016/0167-2738(93)90387-I,25.0,NASICON,0.000107,-3.971,Fe-Hf-Li-O-P
370,Li1.1Y0.1Hf1.9(PO4)3,10.1016/0167-2738(93)90387-I,25.0,NASICON,9.18e-05,-4.037,Hf-Li-O-P-Y
20,Li7.06La3Zr1.94Y0.06O12,10.1016/j.elecom.2011.08.014,25.0,Garnet,0.000956,-3.02,La-Li-O-Y-Zr
2020,Li1.9Mg0.1TiO3.05,10.1016/j.ssi.2008.03.001,25.0,Rocksalt,1.28e-06,-5.892,Li-Mg-O-Ti
366,Li1.4In0.4Hf1.6(PO4)3,10.1016/0167-2738(93)90387-I,25.0,NASICON,0.000142,-3.848,Hf-In-Li-O-P
2019,Li2.9Sc1.9Zr0.1(PO4)3,10.1016/S0925-8388(96)02746-6,25.0,NASICON,0.0002368,-3.626,Li-O-P-Sc-Zr
358,Li1.5Cr0.5Ti1.5(PO4)3,10.1149/1.2086597,25.0,NASICON,0.000391,-3.408,Cr-Li-O-P-Ti
359,Li1.6Cr0.6Ti1.4(PO4)3,10.1149/1.2086597,25.0,NASICON,0.000147,-3.833,Cr-Li-O-P-Ti
360,Li1.3Cr0.3Ti1.7 (PO4)3,10.1149/1.2086597,25.0,NASICON,3.53e-05,-4.452,Cr-Li-O-P-Ti
2021,(YPO4)0.9(Li3PO4)0.1,10.1016/0167-2738(89)90457-8,25.0,Zircon,5.3e-08,-7.275,Li-O-P-Y
362,Li3Al0.4Sc1.6(PO4)3,10.1016/0167-2738(93)90015-U,25.0,NASICON,1.28e-05,-4.893,Al-Li-O-P-Sc
364,Li1.2In0.2Hf1.8(PO4)3,10.1016/0167-2738(93)90387-I,25.0,NASICON,0.000132,-3.879,Hf-In-Li-O-P
365,Li1.3In0.3Hf1.7(PO4)3,10.1016/0167-2738(93)90387-I,25.0,NASICON,0.000142,-3.848,Hf-In-Li-O-P
29,Li1.2Ti1.8Sc0.2(PO4)3,10.1021/acs.inorgchem.6b02274,25.0,NASICON,0.000231,-3.636,Li-O-P-Sc-Ti
2022,(YPO4)0.7(Li3PO4)0.3,10.1016/0167-2738(89)90457-8,25.0,Zircon,5.6e-10,-9.252,Li-O-P-Y
363,Li1.2Fe0.2Hf1.8(PO4)3,10.1016/0167-2738(93)90387-I,25.0,NASICON,0.00017,-3.77,Fe-Hf-Li-O-P
4,Li2.1OH0.9Cl,10.1002/aenm.201700971,26.0,Anti-Perovskite,8.05e-08,-7.094,Cl-H-Li-O
5,Li2OHCl,10.1002/aenm.201700971,26.0,Anti-Perovskite,7.11e-08,-7.148,Cl-H-Li-O
3,Li2.4OH0.6Cl,10.1002/aenm.201700971,26.0,Anti-Perovskite,8.9e-08,-7.051,Cl-H-Li-O
6,Li2.7OH0.3Cl,10.1002/aenm.201700971,26.0,Anti-Perovskite,7.3e-09,-8.137,Cl-H-Li-O
45,Li6.5La2.9Ba0.1Zr1.4Ta0.6O12,10.3389/fenrg.2016.00028,26.85,Garnet,0.00083,-3.081,Ba-La-Li-O-Ta-Zr
46,Li6.5La3Zr1.5Ta0.5O12,10.3389/fenrg.2016.00028,26.85,Garnet,0.000794,-3.1,La-Li-O-Ta-Zr
22,La0.57Li0.29TiO3,10.1016/j.jpowsour.2012.11.098,26.85,Perovskite,0.0016,-2.796,La-Li-O-Ti
608,(La0.5Li0.5)0.75(La0.5Na0.5)0.25TiO3,10.1016/0167-2738(94)90309-3,27.0,Perovskite,0.000182,-3.74,La-Li-Na-O-Ti
606,Li0.10La0.63TiO3,10.1016/0167-2738(94)90309-3,27.0,Perovskite,7.9e-05,-4.102,La-Li-O-Ti
603,Li0.34La0.51TiO2.94,10.1016/0038-1098(93)90841-A,27.0,Perovskite,0.00102,-2.991,La-Li-O-Ti
821,Li10SiP2S12,10.1149/2.0501412jes,27.0,Thio-LISICON,0.0023,-2.638,Li-P-S-Si
655,Li0.067La0.64TiO2.99,10.1016/0167-2738(94)90309-3,27.0,Perovskite,7.9e-05,-4.102,La-Li-O-Ti
785,Li6.6La2.75Y0.25Zr1.6Ta0.4O12,10.1021/am503731h,27.0,Garnet,0.000436,-3.361,La-Li-O-Ta-Y-Zr
661,Li0.06La0.66Ti0.93Al0.06O3,10.1021/cm011149s,27.0,Perovskite,1.68e-06,-5.775,Al-La-Li-O-Ti
721,Li10Ge(PS6)2,10.1038/nmat3066,27.0,Thio-LISICON,0.013,-1.886,Ge-Li-P-S
775,Li7La3Zr2O12 ,10.1016/j.jssc.2009.05.020,27.0,Garnet,1.52e-06,-5.818,La-Li-O-Zr
776,Li7La3Hf2O12,10.1016/j.jssc.2009.10.030,27.0,Garnet,9.73e-07,-6.012,Hf-La-Li-O
787,Li6.6La2.5Y0.5Zr1.6Ta0.4O12 ,10.1021/am503731h,27.0,Garnet,0.000226,-3.646,La-Li-O-Ta-Y-Zr
786,Li6.6La2.875Y0.125Zr1.6Ta0.4O12 ,10.1021/am503731h,27.0,Garnet,0.000317,-3.499,La-Li-O-Ta-Y-Zr
660,Li0.10La0.66Ti0.90Al0.10O3,10.1021/cm011149s,27.0,Perovskite,7.34e-06,-5.134,Al-La-Li-O-Ti
587,LiBH4,10.1021/acsomega.8b00377,27.0,Other,9.89e-08,-7.005,B-H-Li
669,Li3O(Cl0.5Br0.5),10.1021/ja305709z,29.61,Anti-Perovskite,0.000938,-3.028,Br-Cl-Li-O
38,Li6.6La3Zr1.6Sb0.4O12,10.1039/C3CP50991E,29.85,Garnet,0.00077,-3.114,La-Li-O-Sb-Zr
23,Li6.5La3Zr1.75Te0.25O12,10.1016/j.jpowsour.2013.03.166,29.85,Garnet,0.00102,-2.991,La-Li-O-Te-Zr
534,LiTi2P3O12,10.1016/0167-2738(94)90332-8,30.0,NASICON,4e-07,-6.398,Li-O-P-Ti
679,Li1.2Ta0.9Al1.1P3O12,10.1039/A807007E,30.0,NASICON,6.5e-07,-6.187,Al-Li-O-P-Ta
678,LiTaAlP3O12,10.1039/A807007E,30.0,NASICON,6.7e-07,-6.174,Al-Li-O-P-Ta
654,LiBa2Ti2NbO9,10.1021/cm9810382,30.0,Perovskite,1e-07,-7.0,Ba-Li-Nb-O-Ti
643,Li0.3Sr0.6Ti0.5Nb0.5O3,10.1149/1.1629102,30.0,Perovskite,5.4e-06,-5.268,Li-Nb-O-Sr-Ti
642,Li0.3Sr0.6Ti0.5Ta0.5O3,10.1149/1.1629102,30.0,Perovskite,0.00017,-3.77,Li-O-Sr-Ta-Ti
641,Li0.3Sr0.6Ti0.45Fe0.05Ta0.5O3,10.1149/1.1629102,30.0,Perovskite,6e-05,-4.222,Fe-Li-O-Sr-Ta-Ti
930,Li2ZrS3,10.1016/j.ssi.2008.01.055,30.0,Thio-LISICON,7.3e-06,-5.137,Li-S-Zr
228,Li7La3Ta2O13,10.1016/j.ssi.2009.07.002,30.0,Garnet,2.65e-06,-5.577,La-Li-O-Ta
927,La0.561Li0.315Ti0.995Al0.0067O3,10.1007/BF02378009,30.0,Perovskite,0.00128,-2.893,Al-La-Li-O-Ti
203,Li2.2Zn0.1Zr0.9S3,10.1016/j.ssi.2008.01.055,30.0,Thio-LISICON,0.000121,-3.917,Li-S-Zn-Zr
351,LiAlTa(PO4)3,10.1039/A807007E,30.0,NASICON,6.5e-07,-6.187,Al-Li-O-P-Ta
446,LiCrSb(PO4)3,10.1063/1.2357843,30.0,NASICON,3.57e-10,-9.447,Cr-Li-O-P-Sb
448,LiAlSb(PO4)3,10.1063/1.2357843,30.0,NASICON,3.17e-08,-7.499,Al-Li-O-P-Sb
449,LiFeSb(PO4)3,10.1063/1.2357843,30.0,NASICON,1.37e-06,-5.863,Fe-Li-O-P-Sb
810,Li6.8La3Zr1.8Sb0.2O12 ,10.1039/C3CP50991E,30.0,Garnet,5.9e-05,-4.229,La-Li-O-Sb-Zr
809,Li6La3ZrSbO12 ,10.1039/C3CP50991E,30.0,Garnet,0.00026,-3.585,La-Li-O-Sb-Zr
807,Li6.4La3Zr1.4Sb0.6O12 ,10.1039/C3CP50991E,30.0,Garnet,0.00066,-3.18,La-Li-O-Sb-Zr
65,La0.561Li0.315Ti0.95Al0.067O3,10.1007/BF02378009,30.0,Perovskite,0.000562,-3.25,Al-La-Li-O-Ti
350,Li1.2Al1.1Ta0.9(PO4)3,10.1039/A807007E,30.0,NASICON,6.5e-07,-6.187,Al-Li-O-P-Ta
495,LiFePO4 ,10.1016/j.ssi.2008.06.028,30.0,Olivine,1.1e-09,-8.959,Fe-Li-O-P
771,Li6.5La3Zr1.75Te0.25O12 ,10.1016/j.jpowsour.2013.03.166,30.0,Garnet,0.00102,-2.991,La-Li-O-Te-Zr
268,Li9SiAlO8,10.1149/1.1836980,30.0,Glass,2.3e-07,-6.638,Al-Li-O-Si
802,Li6.7La3Zr1.7Ta0.3O12,10.1016/j.ceramint.2018.09.245,30.0,Garnet,0.00103,-2.987,La-Li-O-Ta-Zr
893,Li4.4Al0.4Ge0.6S4,10.1021/acs.chemmater.8b03175,30.0,Thio-LISICON,4.33e-05,-4.364,Al-Ge-Li-S
683,Li0.36La0.55TiO3,10.1021/cm9810382,30.0,Perovskite,2e-05,-4.699,La-Li-O-Ti
896,Li4.4Ga0.4Sn0.6S4,10.1021/acs.chemmater.8b03175,30.0,Thio-LISICON,3.2e-06,-5.495,Ga-Li-S-Sn
894,Li4.4Al0.4Sn0.6S4,10.1021/acs.chemmater.8b03175,30.0,Thio-LISICON,4.39e-06,-5.358,Al-Li-S-Sn
560,Li3V0.8P0.2O4,10.1021/acs.chemmater.8b01504,30.0,LISICON,1.5e-13,-12.824,Li-O-P-V
559,Li3V0.4P0.6O4,10.1021/acs.chemmater.8b01504,30.0,LISICON,2.7e-13,-12.569,Li-O-P-V
558,Li3V0.2P0.8O4,10.1021/acs.chemmater.8b01504,30.0,LISICON,2.2e-13,-12.658,Li-O-P-V
557,Li3P0.2V0.8O4,10.1021/acs.chemmater.8b01504,30.0,LISICON,1.4e-13,-12.854,Li-O-P-V
556,Li3P0.8V0.2O4,10.1021/acs.chemmater.8b01504,30.0,LISICON,2.05e-13,-12.688,Li-O-P-V
895,Li4.4Ga0.4Ge0.6S4,10.1021/acs.chemmater.8b03175,30.0,Thio-LISICON,1.63e-05,-4.788,Ga-Ge-Li-S
553,Li3.4Ge0.4V0.6O4,10.1021/acs.chemmater.8b01504,30.0,LISICON,8.89e-07,-6.051,Ge-Li-O-V
552,Li3.2Ge0.2V0.8O4,10.1021/acs.chemmater.8b01504,30.0,LISICON,1e-06,-6.0,Ge-Li-O-V
551,Li3.8Ge0.8V0.2O4,10.1021/acs.chemmater.8b01504,30.0,LISICON,2.71e-06,-5.567,Ge-Li-O-V
550,Li3.6Ge0.6V0.4O4,10.1021/acs.chemmater.8b01504,30.0,LISICON,3.19e-05,-4.496,Ge-Li-O-V
549, Li3.2Ge0.2V0.8O4,10.1021/acs.chemmater.8b01504,30.0,LISICON,1.9e-05,-4.721,Ge-Li-O-V
548,Li3.4Ge0.4P0.6O4,10.1021/acs.chemmater.8b01504,30.0,LISICON,4.5e-06,-5.347,Ge-Li-O-P
554,Li3P0.6V0.4O4,10.1021/acs.chemmater.8b01504,30.0,LISICON,3e-13,-12.523,Li-O-P-V
546,Li3P0.4V0.6O4,10.1021/acs.chemmater.8b01504,30.0,LISICON,5.03e-13,-12.298,Li-O-P-V
535,LiZr2P3O12,10.1016/0167-2738(94)90332-8,30.0,NASICON,5e-08,-7.301,Li-O-P-Zr
540,Li3.8Ge0.8P0.2O4,10.1021/acs.chemmater.8b01504,30.0,LISICON,1.03e-06,-5.987,Ge-Li-O-P
541,Li3PO4,10.1021/acs.chemmater.8b01504,30.0,LISICON,1.75e-13,-12.757,Li-O-P
547,Li3.6Ge0.6P0.4O4,10.1021/acs.chemmater.8b01504,30.0,LISICON,1.1e-05,-4.959,Ge-Li-O-P
545,Li3.2Ge0.2P0.8O4,10.1021/acs.chemmater.8b01504,30.0,LISICON,1e-06,-6.0,Ge-Li-O-P
544,Li3V0.6P0.4O4,10.1021/acs.chemmater.8b01504,30.0,LISICON,3.55e-13,-12.45,Li-O-P-V
211,Li0.1Na0.1La0.6TiO3,10.1016/j.ssi.2008.03.015,34.0,Perovskite,6.15e-05,-4.211,La-Li-Na-O-Ti
19,Li6.4La3Zr1.4Ta0.6O12,10.1039/C2JM31413D,34.0,Garnet,0.00206,-2.686,La-Li-O-Ta-Zr
